Thor Annual (2023) #1,2023,http://i.annihil.us/u/prod/marvel/i/mg/1/20/6494a88620a97/portrait_uncanny.jpg
Thor By Donny Cates Vol. 5: The Legacy Of Thanos (Trade Paperback),2023,http://i.annihil.us/u/prod/marvel/i/mg/3/e0/64a5747c907f2/portrait_uncanny.jpg
Thor Epic Collection: Even An Immortal Can Die (Trade Paperback),2023,http://i.annihil.us/u/prod/marvel/i/mg/c/c0/64492cf45dcfc/portrait_uncanny.jpg
Thor (2020) #32,2023,http://i.annihil.us/u/prod/marvel/i/mg/4/20/641e08897a77b/portrait_uncanny.jpg
Avengers (2018) #64,2023,http://i.annihil.us/u/prod/marvel/i/mg/f/e0/63b4782b31250/portrait_uncanny.jpg
T.E.S.T. Kitchen Infinity Comic (2022) #4,2022,http://i.annihil.us/u/prod/marvel/i/mg/1/d0/6361759699b8e/portrait_uncanny.jpg
Thor (2020) #29,2022,http://i.annihil.us/u/prod/marvel/i/mg/3/d0/63863ccc97045/portrait_uncanny.jpg
Avengers Unlimited Infinity Comic (2022) #23,2022,http://i.annihil.us/u/prod/marvel/i/mg/2/80/6351c1f31a036/portrait_uncanny.jpg
Thor Epic Collection: Blood And Thunder (Trade Paperback),2022,http://i.annihil.us/u/prod/marvel/i/mg/3/80/638523d843d1d/portrait_uncanny.jpg
Thor (2020) #28,2022,http://i.annihil.us/u/prod/marvel/i/mg/1/40/634f648596d42/portrait_uncanny.jpg
Hulk Vs. Thor: Banner Of War  (Trade Paperback),2022,http://i.annihil.us/u/prod/marvel/i/mg/9/b0/634d57a98bda4/portrait_uncanny.jpg
Jane Foster & the Mighty Thor (2022) #5,2022,http://i.annihil.us/u/prod/marvel/i/mg/c/60/633cefc2f1e37/portrait_uncanny.jpg
Thor (2020) #27,2022,http://i.annihil.us/u/prod/marvel/i/mg/6/00/631b3505baf49/portrait_uncanny.jpg
Avengers Forever (2021) #8,2022,http://i.annihil.us/u/prod/marvel/i/mg/c/f0/630507910522f/portrait_uncanny.jpg
"Avengers 1,000,000 BC (2022) #1",2022,http://i.annihil.us/u/prod/marvel/i/mg/9/70/62f3c6a4b53d9/portrait_uncanny.jpg
Jane Foster & the Mighty Thor (2022) #3,2022,http://i.annihil.us/u/prod/marvel/i/mg/9/50/62ed839be131c/portrait_uncanny.jpg
Avengers Unlimited Infinity Comic (2022) #6,2022,http://i.annihil.us/u/prod/marvel/i/mg/9/50/62bf34456dee0/portrait_uncanny.jpg
Thor By Donny Cates Vol. 4: God Of Hammers (Trade Paperback),2022,http://i.annihil.us/u/prod/marvel/i/mg/c/20/62dac5ca5d357/portrait_uncanny.jpg
Avengers (2018) #57,2022,http://i.annihil.us/u/prod/marvel/i/mg/6/a0/62b9e0de53718/portrait_uncanny.jpg
Avengers Unlimited Infinity Comic (2022) #2,2022,http://i.annihil.us/u/prod/marvel/i/mg/7/80/629f7ff23856e/portrait_uncanny.jpg
